domain,videoId,n,tox_mean,tox_p90,tox_top10,coupling_mean,coupling_p90,margin_mean,valence_mean,valence_p10,valence_p90,polarity_mean,polarity_p90,conflict_mean,conflict_p90,conflict_top10,neg_rate,pos_rate,polarization,tox_comp,coupling_comp,conflict_comp,tox_N,coupling_N,conflict_N,TERI_core,TERI_tox_sub,TERI_conflict_sub,TERI_coupling_sub,TERI_total,or_share,or_N,or_n,or_score_p90,TERI_debot,suspected_frac,w_sum,n_raw,cib_risk,flags,n_comments,dup_mass,author_top1_share,author_gini,burst_ratio,author_reuse_max_top10,rank_core,rank_total,rank_debot,rank_cib,shift_total_vs_core,shift_debot_vs_core
global,4idQbwsvtUo,220,0.1532081542514127,0.625289797782898,0.7882176664742556,0.6448379928415472,0.6794285058975219,0.0682939231395721,-0.661585993218151,-0.9084011080209166,-0.3473234102129939,0.7060358800290322,0.91164029520005,0.1828241079878358,0.3517243946558656,0.3772403932484885,0.9590909090909092,0.0409090909090909,0.0818181818181817,0.3892489760171553,0.6621332493695345,0.2672742513218507,0.6744907594765952,-0.674490759476599,0.6744907594765952,0.3372453797382966,0.6744907594765952,0.6744907594765952,-0.674490759476599,0.3372453797382966,0.0772727272727272,0.0,17,0.0,0.3372453797382975,0.0,190.08768155117943,220,0.4928312624930039,burst,5000,0.0782,0.0109999999999999,0.2839146291410144,33.96599999998869,1.0,1.0,1.0,1.0,1.0,0.0,0.0
global,iRYZjOuUnlU,343,0.0373283458898066,0.1068206340074539,0.2656133411186082,0.656344510723481,0.7079477310180664,0.0590677135366045,-0.4883109767562859,-0.8508383929729462,-0.014782927930355,0.5283598292648858,0.8522636849433184,0.1140836864179521,0.2078528080771884,0.2459422093208529,0.9096209912536444,0.0903790087463556,0.1807580174927114,0.0720744899486303,0.6821461208707738,0.1609682472475702,-0.6744907594765952,0.6744907594765915,-0.6744907594765952,-0.3372453797382985,-0.6744907594765952,-0.6744907594765952,0.6744907594765915,-0.3372453797382985,0.0379008746355685,0.0,13,0.0,-0.3372453797382975,0.0,315.2867582433123,343,0.4190209508118306,burst,5000,0.0286,0.0171999999999999,0.2860768196433791,11.584799999992542,1.0,2.0,2.0,2.0,2.0,0.0,0.0
indo,-Ve3m_rUOK4,724,0.2007095547260228,0.4195064634084704,0.6091312855890353,0.6870330680799748,0.758343517780304,0.0627460024468806,-0.3789047460089108,-0.9972506510559468,0.8752642367035158,0.741165176451075,0.9972506510559468,0.1692120273349608,0.3228319137324272,0.3704296339960847,0.6975138121546961,0.3024861878453038,0.6049723756906078,0.3101080090672466,0.7226882929301394,0.246021970533694,-0.6305479004785517,1.652136795854815,-0.7439857041920066,-0.0995799576949193,-0.6305479004785517,-0.7439857041920066,1.652136795854815,-0.0995799576949193,0.0124309392265193,0.0,9,0.0,-0.1677611562838102,0.0,717.0950935552712,724,0.3086864688004099,burst,4969,0.0146910847252968,0.0010062386798148,0.0560242636453752,30.685248540950607,4.0,25.0,25.0,26.0,46.0,0.0,-1.0
indo,-WLpXmnBmxo,179,0.2016580753261223,0.481596577167511,0.6650894300805198,0.6476781714561931,0.6979114294052124,0.116621673440134,-0.2039913812064625,-0.995585028710775,0.8717616617679599,0.6866917825122195,0.995849860366434,0.1358771613415009,0.3175290139594257,0.3604955325411341,0.6256983240223464,0.3743016759776536,0.7486033519553073,0.3416273262468167,0.6727948004307027,0.2267030876504633,-0.291223076372896,-0.5983955381105749,-1.3014475718351812,-0.7215947652191155,-0.291223076372896,-1.3014475718351812,-0.5983955381105749,-0.7215947652191155,0.0223463687150838,0.0,4,0.0,-0.7732289370201316,0.0,173.7475094978846,179,0.4113864492003465,burst,5000,0.0212,0.0033999999999999,0.1297503137346037,15.5529999999984,8.0,38.0,38.0,39.0,13.0,0.0,-1.0
indo,-zJgVE4ZeWM,656,0.2035816738963348,0.42906454205513,0.6089166321537711,0.6666637664524521,0.7310937941074371,0.0859296439079249,-0.4371481601502615,-0.9971958262322004,0.7287684231996536,0.723548944828996,0.9971958262322004,0.1745907516318767,0.3316759003440749,0.3686578563009776,0.7362804878048781,0.2637195121951219,0.5274390243902438,0.3163231079757324,0.6988787802799445,0.2531333259879758,-0.5636385403580173,0.5781675186825174,-0.5387818361950881,-0.2694871791408584,-0.5636385403580173,-0.5387818361950881,0.5781675186825174,-0.2694871791408584,0.0396341463414634,0.0,26,0.0,-0.3670980953115347,0.0121951219512195,623.4508124797892,656,0.5329266265798156,burst,4915,0.0136317395727365,0.0374364191251271,0.131697393424058,64.81302136315459,8.0,30.0,31.0,30.0,4.0,-1.0,0.0
indo,06NQJcjrKyg,175,0.2864896658036325,0.5579708933830261,0.6357835266325209,0.6350039986201695,0.67638258934021,0.1004601865155356,-0.8040431052877102,-0.9974752104491926,-0.2434492111206056,0.8475212919291308,0.9974752104491926,0.2581934065315014,0.3656899747325599,0.3926860880343727,0.9485714285714286,0.0514285714285714,0.1028571428571427,0.4222302795933293,0.6556932939801898,0.3119416906320307,0.5765172623813218,-1.3697885855472025,1.1581807151940768,0.293523008883655,0.5765172623813218,1.1581807151940768,-1.3697885855472025,0.5849178830022722,0.2457142857142857,2.1150629407957333,43,0.3830603873969807,0.2975629592580578,0.0,172.78449419670113,175,0.3448423038844563,burst,5000,0.0164,0.0013999999999999,0.0602884475763398,13.968199999999076,6.0,18.0,11.0,17.0,33.0,7.0,1.0
indo,1H55IxLjYHQ,314,0.2906056636612407,0.6805573225021362,0.7756558712571859,0.6718990979300943,0.7465339362621307,0.0565372288796552,-0.4018674221857555,-0.9965084880706854,0.6974514856934545,0.693159687826879,0.9965084880706854,0.1751158471241985,0.3536389568258592,0.4006217205614751,0.7229299363057324,0.2770700636942675,0.5541401273885351,0.4855814930816884,0.7092165170961124,0.2643774019750289,1.2585320170585204,1.0444690301486264,-0.2143250010068958,0.6895163140081513,1.2585320170585204,-0.2143250010068958,1.0444690301486264,0.6895163140081513,0.0573248407643312,0.0,18,0.0,0.6218188206538381,0.0,298.274597730972,314,0.5181895336176635,burst,4962,0.0272067714631197,0.0356711003627569,0.2790024938814529,42.68440145101263,3.0,9.0,10.0,9.0,5.0,-1.0,0.0
indo,4UFiy6OkgN0,104,0.2482769432972418,0.5584268927574159,0.7335826429453763,0.6601096918949714,0.7312633395195007,0.1696171843661711,-0.2783748914270501,-0.990935346786864,0.9340713877230884,0.7307301808468765,0.9913903943262994,0.1600879230524411,0.3592952749009609,0.4010204523385638,0.6730769230769231,0.3269230769230769,0.6538461538461537,0.4033519180273288,0.695686515707236,0.259691598976701,0.3732800957482132,0.4341749000151874,-0.349537606551664,0.1355176010099997,0.3732800957482132,-0.349537606551664,0.4341749000151874,0.1355176010099997,0.0673076923076923,0.0,7,0.0,0.1418130483516589,0.0,101.37475067809272,104,0.4541778711084834,"burst,crossvid_reuse",5000,0.0292,0.0043999999999999,0.1033188607311056,56.28699999998526,15.0,19.0,19.0,19.0,8.0,0.0,0.0
indo,58s6DyPaf4s,85,0.2487591694163925,0.4165676236152649,0.5700353218449487,0.6368115488220664,0.6676717519760131,0.1041878086679122,-0.8532298169977045,-0.998311461310368,-0.4170511424541469,0.8609224447817884,0.998311461310368,0.2616154708580985,0.3452863857860248,0.3844476886116609,0.9529411764705882,0.0470588235294117,0.0941176470588236,0.3326633965158287,0.6522416503990398,0.3034509283220616,-0.3877252899815863,-1.5254809433189085,0.9131729554991196,-0.2168498173976697,-0.3877252899815863,0.9131729554991196,-1.5254809433189085,-0.2168498173976697,0.2470588235294117,0.0,21,0.3421683748047737,-0.1906200735155305,0.0,84.30106656888661,85,0.3426709126960284,burst,5000,0.0268,0.0013999999999999,0.0860600132187706,6.942599999999154,4.0,27.0,27.0,27.0,36.0,0.0,0.0
indo,6HE8plzRD9o,171,0.2799462972468239,0.5955430269241333,0.7041229473219978,0.6687866417985213,0.7447969317436218,0.1501280471943972,-0.3388997971284311,-0.9957900195149704,0.8270327299833298,0.746121513902612,0.9957900195149704,0.1767217918712598,0.3715604804224315,0.4074524118256823,0.6900584795321637,0.3099415204678362,0.6198830409356726,0.4377446620854786,0.7067917867710716,0.2741411361468457,0.7435391264738808,0.9350973721571056,0.06741538323225,0.5547853777601163,0.7435391264738808,0.06741538323225,0.9350973721571056,0.5547853777601163,0.0467836257309941,0.0,8,0.0,0.5528541590016851,0.0,158.56498040611328,171,0.4098022732525159,burst,5000,0.022,0.0029999999999999,0.1239416685925583,28.9015999999979,8.0,10.0,12.0,10.0,16.0,-2.0,0.0
indo,898b-IVw6hc,410,0.2224732929830036,0.5346237003803254,0.7129461125629705,0.6666726177785455,0.7233237624168396,0.0695096921630022,-0.6776783985290576,-0.9986454585567116,0.1489381939172747,0.8057154239280641,0.9986454585567116,0.225539590244213,0.362558034275699,0.4147921997226675,0.8682926829268293,0.1317073170731707,0.2634146341463415,0.3785484966816644,0.6949981900976925,0.294048812259956,0.1062560185010286,0.4031267820548795,0.6418673519888417,0.3679376761102259,0.1062560185010286,0.6418673519888417,0.4031267820548795,0.3679376761102259,0.0536585365853658,0.0,22,0.0,0.3279485434878875,0.0,375.1532278799971,410,0.4584720733485759,burst,4784,0.0275919732441471,0.0083612040133779,0.3477588062914897,26.4669732441456,5.0,15.0,16.0,16.0,7.0,-1.0,-1.0
indo,Au4cIYRuvpY,89,0.1812081080979113,0.4521764755249023,0.6571428842014737,0.6495216924153017,0.6926939010620118,0.1041100420308916,-0.6275027240199766,-0.998153740214184,0.075835293531418,0.7346427435036735,0.998153740214184,0.1988370181198444,0.345846959778929,0.3823305009897215,0.8651685393258427,0.1348314606741573,0.2696629213483146,0.3166922918114068,0.6711077967386567,0.2723419889493867,-0.559664049432685,-0.6744907594765952,0.015499547160224,-0.3870634681361443,-0.559664049432685,0.015499547160224,-0.6744907594765952,-0.3870634681361443,0.0561797752808988,0.0,5,0.0,-0.3802187958796996,0.0,87.2711683527965,89,0.4111699647073141,burst,5000,0.0568,0.0027999999999999,0.096689870593485,23.00559999999725,4.0,31.0,32.0,31.0,14.0,-1.0,0.0
indo,CWcRIt3nbCA,205,0.2514028552655562,0.5001410961151123,0.6259249760991051,0.6676215613760599,0.7258065938949585,0.1060969685635915,-0.8398089824926546,-0.9979481089743786,-0.3797690629959108,0.8536149929119302,0.9979481089743786,0.2572182784706655,0.3579269256584474,0.3854049786281621,0.9707317073170731,0.0292682926829268,0.0585365853658537,0.3757719756903342,0.6967140776355092,0.3075726020645564,0.0763650633245171,0.4805248592760394,1.032107158692691,0.5119147456912586,0.0763650633245171,1.032107158692691,0.4805248592760394,0.5119147456912586,0.0634146341463414,0.0,13,0.0,0.4904788134100634,0.0,200.6647683626537,205,0.3447740942457968,burst,5000,0.0102,0.0027999999999999,0.1399716789012549,60.58639999999154,5.0,12.0,14.0,14.0,34.0,-2.0,-2.0
indo,E-wtQw32J-8,76,0.1084470802295407,0.2743410170078277,0.4171625487506389,0.6456113175341958,0.6911298036575317,0.1740370941789526,-0.0902450673338056,-0.970196345821023,0.952253676019609,0.5371790490910491,0.976591448445106,0.0855005726237259,0.2573402147972941,0.3013065661754711,0.6052631578947368,0.3947368421052631,0.7894736842105263,0.1913940486186842,0.6683705605958637,0.17142039371051,-1.9085766572120328,-0.7979585332573914,-2.8966740659542167,-1.976756219283137,-1.9085766572120328,-2.8966740659542167,-0.7979585332573914,-1.976756219283137,0.0131578947368421,0.0,1,0.0,-1.959119149459477,0.0,73.14807449505413,76,0.3438893440346113,burst,4898,0.0195998366680277,0.0046957942017149,0.1499904776028846,41.03184973458227,3.0,45.0,45.0,45.0,35.0,0.0,0.0
indo,GJDU0HAhSzU,462,0.3304825454338774,0.6564996600151064,0.7753277661952567,0.6794370995971547,0.7501368463039398,0.0528614046253683,-0.434609502558444,-0.9973317731521092,0.8206412188708783,0.7752111695620352,0.997456395899644,0.2032303677968019,0.3871283899954983,0.4164138756152671,0.7380952380952381,0.2619047619047619,0.5238095238095237,0.4934911027244919,0.7147869729505473,0.2951793788961501,1.3436838268359337,1.2957340827098185,0.6744907594765953,1.0974788172286365,1.3436838268359337,0.6744907594765953,1.2957340827098185,1.0974788172286365,0.0303030303030303,0.0,14,0.0,0.9722380951371,0.0,432.8513132570682,462,0.4626893991132759,burst,4938,0.0243013365735115,0.0068853786958282,0.1889991076707791,17.73815309841717,9.0,4.0,4.0,4.0,6.0,0.0,0.0
indo,K-z31Te3_jA,136,0.4729602626415298,0.9021510481834412,0.9124887670789448,0.652520577697193,0.6906826198101044,0.1004035904565278,-0.4121381647549724,-0.99809448356973,0.860652869567275,0.7985061863362395,0.99809448356973,0.2259772012034286,0.4279417835485199,0.4352346269045221,0.7205882352941176,0.2794117647058823,0.5588235294117647,0.6875556554124855,0.6716015987536487,0.3269594923759743,3.432908026422303,-0.652216964926551,1.5915314352473942,1.7671449716738714,3.432908026422303,1.5915314352473942,-0.652216964926551,2.0406837618134386,0.1102941176470588,1.5380728450352472,15,0.2991055195816209,1.5694327157781516,0.0,126.13998293538516,136,0.34564801827282,burst,4986,0.0162454873646209,0.0058162855996791,0.2196036375311593,57.190533493770296,2.0,1.0,1.0,1.0,32.0,0.0,0.0
indo,KnBTnggIINg,114,0.3289050693345958,0.721722972393036,0.8168662885824839,0.6640472328453734,0.7239974856376648,0.388917777883379,-0.4463761185654316,-0.9980852305539883,0.6944154448807239,0.7318756896364217,0.9980852305539883,0.2004096617405816,0.385419786965656,0.4230402353873418,0.7543859649122807,0.2456140350877192,0.4912280701754385,0.5253140208638158,0.6940223592415191,0.2929147243531188,1.686277101894377,0.3591102423363163,0.6091423354111083,0.9774882187357178,1.686277101894377,0.6091423354111083,0.3591102423363163,0.9774882187357178,0.0526315789473684,0.0,6,0.0,0.962389908587946,0.0,107.9223751841739,114,0.4116346966720248,burst,5000,0.031,0.0019999999999999,0.0793272211307575,15.135999999999834,8.0,5.0,6.0,5.0,12.0,-1.0,0.0
indo,Lzfnh-EI2bw,62,0.1930496519696223,0.4842346638441084,0.602608323097229,0.6585536003112793,0.720330536365509,0.1085053124735432,-0.5985207662057702,-0.9984824150073108,0.3847142338752744,0.7673381739878096,0.9984824150073108,0.2054004074896684,0.3450377957611422,0.3845975461929121,0.8064516129032258,0.1935483870967742,0.3870967741935485,0.3386421579068653,0.6894420683383942,0.2752191016254053,-0.32336024851114,0.1525082936640194,0.098520942107723,-0.056734696250748,-0.32336024851114,0.098520942107723,0.1525082936640194,-0.056734696250748,0.1290322580645161,0.0,8,0.2757877723726318,-0.0698783757473754,0.0,61.47256230717353,62,0.3192757128055566,burst,5000,0.0204,0.0011999999999999,0.0501442802870409,30.207199999996263,4.0,24.0,24.0,24.0,44.0,0.0,0.0
indo,M8hxkzuYPR8,106,0.2195827859664722,0.3924696743488312,0.5312797752293673,0.6361524288384419,0.670201450586319,0.1311927221293719,-0.7013827148216221,-0.9986178515682697,0.0560847661690786,0.8298705601464805,0.9986178515682697,0.2315577482340654,0.3388547740582308,0.3671523318189669,0.8962264150943396,0.1037735849056603,0.2075471698113207,0.3060262301576517,0.6531769397123804,0.2852062611461481,-0.6744907594765952,-1.4832931000584038,0.3867084440732893,-0.5052716233795878,-0.6744907594765952,0.3867084440732893,-1.4832931000584038,-0.2268924131417345,0.1792452830188679,1.6432871929217612,19,0.3454367900800319,-0.4891928106924167,0.0,104.95205127656658,106,0.3205663126413864,burst,5000,0.0258,0.0025999999999999,0.0497431463517502,13.028999999999211,3.0,34.0,28.0,33.0,43.0,6.0,1.0
indo,NHZDl57Yr5I,462,0.1923323016164187,0.435620892047882,0.6472519338130951,0.6731319477805844,0.7547142505645753,0.1453715415098966,0.2032548766597693,-0.982316707028076,0.960410622600466,0.6276703954960177,0.991166287381202,0.0774822750349859,0.2849484460497254,0.3428709134909298,0.3398268398268398,0.6601731601731602,0.6796536796536796,0.3139765968321504,0.7139230991725798,0.1812153605423557,-0.5889001751999683,1.2567675607770712,-2.61403243824792,-0.8362795332724913,-0.5889001751999683,-2.61403243824792,1.2567675607770712,-0.8362795332724913,0.0129870129870129,0.0,6,0.0,-0.9151290277018702,0.0,450.76483586992686,462,0.3749345526584355,burst,5000,0.0422,0.0017999999999999,0.0855600264142637,14.106599999996098,4.0,41.0,41.0,41.0,27.0,0.0,0.0
indo,Q4l8cBO0i0Q,167,0.1672229811003359,0.4696371018886566,0.6191975176334381,0.6518153776665647,0.7003627777099609,0.0987549465216562,-0.2955276497239233,-0.9977828330011108,0.8693672407418493,0.7489369812539659,0.9977828330011108,0.1616977475609466,0.342731266736329,0.3828951136304988,0.6287425149700598,0.3712574850299401,0.7425149700598803,0.3184300414944963,0.6760890776882629,0.2522145071486378,-0.540956105913649,-0.449801460731252,-0.5652950910918135,-0.5266860894304073,-0.540956105913649,-0.5652950910918135,-0.449801460731252,-0.5266860894304073,0.029940119760479,0.0,5,0.0,-0.535779379507092,0.0,163.14494506001472,167,0.3261032772869763,burst,5000,0.0072,0.0023999999999999,0.09937868338558,53.63119999998168,5.0,35.0,35.0,35.0,41.0,0.0,0.0
indo,QG6EY2RPLC8,741,0.2117799614769719,0.4625377058982849,0.6312113042672475,0.6758377953418675,0.7493300437927246,0.0655179838580802,-0.715832288695342,-0.9985314994119108,0.074941486120224,0.8244350544305155,0.9985314994119108,0.2305945728765253,0.3515132390897163,0.3877986904221692,0.8879892037786775,0.1120107962213225,0.2240215924426449,0.3371588336876284,0.712583919567296,0.2910539059831208,-0.3393291455185437,1.1963615468522677,0.555446928168683,0.3577651533646884,-0.3393291455185437,0.555446928168683,1.1963615468522677,0.3577651533646884,0.0553306342780027,0.0,41,0.0,0.331906714773401,0.0,687.1665580515955,741,0.4419262082939349,burst,5000,0.023,0.0103999999999999,0.290862763744428,53.50199999999484,5.0,16.0,17.0,15.0,9.0,-1.0,1.0
indo,QtIxl1YM9Bk,221,0.2146909651274074,0.5300524234771729,0.6841226194215857,0.6675797765610983,0.7359058856964111,0.0687898520161123,0.0915585792315565,-0.9733103448525072,0.9367482364177704,0.5305298875375467,0.9888576632365584,0.0766303359073464,0.2767433899074783,0.3436337549334063,0.420814479638009,0.579185520361991,0.841628959276018,0.3723716943022901,0.7017428311287548,0.1766868629074124,0.0397589440569437,0.7073554892668831,-2.744705871305713,-0.7679046050175012,0.0397589440569437,-2.744705871305713,0.7073554892668831,-0.7679046050175012,0.0135746606334841,0.0,3,0.0,-0.815473948381188,0.0,217.4843943809158,221,0.3850019931022655,burst,5000,0.0512,0.0025999999999999,0.0447406413749737,46.78099999998658,4.0,39.0,39.0,40.0,25.0,0.0,-1.0
indo,SxEJ5nilTpU,163,0.2908473371748064,0.6251466512680054,0.738993392271154,0.6456028888561974,0.6935449123382569,0.1363070488341747,-0.6601219836676399,-0.9962980806129054,0.1170811474323279,0.8001396835349898,0.9962980806129054,0.2295729058251283,0.3673697660171549,0.4162272259286985,0.8834355828220859,0.1165644171779141,0.2331288343558282,0.4579969942214059,0.6695739005972272,0.2984713359211416,0.9615679308607716,-0.7436797997762064,0.7694828209971794,0.4680262097492698,0.9615679308607716,0.7694828209971794,-0.7436797997762064,0.7493835492220091,0.1104294478527607,1.7199565393457077,18,0.3175589239280291,0.4927137103181752,0.0,157.12523421169618,163,0.3932357379378844,burst,4893,0.0226854690374003,0.0141017780502759,0.1703448547605938,55.24954015938828,3.0,14.0,9.0,12.0,22.0,5.0,2.0
indo,TONUf6pUTks,113,0.1796132902227408,0.3739363849163054,0.5129884431759516,0.6485228997416201,0.6961132049560547,0.0933823896720346,-0.7029983110092807,-0.997070713818539,0.0009300066623836,0.780121373842765,0.997070713818539,0.2166868773614304,0.3273533895940816,0.3549887977674628,0.8849557522123894,0.1150442477876106,0.2300884955752211,0.2767748375695231,0.6723180523488375,0.272020133477756,-0.9893999812806064,-0.6199000854902932,0.0062121492598959,-0.5485607616438524,-0.9893999812806064,0.0062121492598959,-0.6199000854902932,-0.5485607616438524,0.079646017699115,0.0,9,0.0,-0.5529482572623263,0.0,110.49558042495234,113,0.3387212432157395,burst,5000,0.019,0.0013999999999999,0.1287778917910447,24.76499999999811,4.0,36.0,36.0,36.0,37.0,0.0,0.0
indo,VXJaaENyjS8,149,0.3194592340877467,0.6997005701065065,0.7885063370068868,0.6808536812763086,0.7615887999534607,0.1284245128599589,-0.2728990630059965,-0.9959382868604736,0.8247729621827605,0.7090870823196272,0.996174778486602,0.1723881297474563,0.3901720528761341,0.4255193866563234,0.6174496644295302,0.3825503355704698,0.7651006711409396,0.5095799020971267,0.7212212406148847,0.2812800913117952,1.5168896417362974,1.585962862026937,0.2734156630273159,1.098942054260814,1.5168896417362974,0.2734156630273159,1.585962862026937,1.098942054260814,0.0268456375838926,0.0,4,0.0,1.0535226545177392,0.0,145.70074080719954,149,0.3360701220229921,burst,5000,0.0166,0.0021999999999999,0.069923780750971,29.821999999998155,5.0,3.0,3.0,3.0,39.0,0.0,0.0
indo,YihNBHPg-ZE,180,0.2558979121140308,0.5216648876667023,0.6892293161816068,0.6502989696131812,0.6912348747253417,0.128155736459626,-0.3999238335353665,-0.998244327030261,0.8122815757989883,0.7437032921311685,0.998244327030261,0.1828927378642922,0.3562025948462404,0.4004778076446409,0.7111111111111111,0.2888888888888888,0.5777777777777777,0.3887813998903665,0.6707669221692615,0.2695476663552663,0.2164195116249743,-0.6898664969088704,-0.0651328735408738,-0.1086953253165336,0.2164195116249743,-0.0651328735408738,-0.6898664969088704,-0.1086953253165336,0.0777777777777777,0.0,14,0.0,-0.1259843280272803,0.0,174.85567521458097,180,0.4020056880219235,burst,5000,0.0126,0.0043999999999999,0.1437541894137194,15.511999999999132,8.0,26.0,26.0,25.0,21.0,0.0,1.0
indo,Yr_1KwdK_NY,127,0.2551337547424271,0.4822233498096466,0.567506343126297,0.6570844227873435,0.7083837628364563,0.1192574444718248,0.2628266575111912,-0.9291411267593502,0.94896408803761,0.6627058656372893,0.9863479495514184,0.0744899521746927,0.2683031175412796,0.3086426020482298,0.2677165354330709,0.7322834645669292,0.5354330708661417,0.3686785522760368,0.6827340928118999,0.1713965348579862,0.0,-0.1500665525044327,-2.897362532288845,-1.051593524427204,0.0,-2.897362532288845,-0.1500665525044327,-1.051593524427204,0.0078740157480314,0.0,1,0.0,-1.1039171677909487,0.0,119.80541410275484,127,0.5972936663660292,"dup_templates,burst",5000,0.1902,0.0009999999999999,0.0120767766754404,14.56959999999983,6.0,42.0,42.0,42.0,2.0,0.0,0.0
indo,YwPhy5D3Jd4,225,0.2582320484288761,0.544052767753601,0.6787743801655977,0.6531993561320835,0.7087037563323975,0.1044346956411997,-0.4643438776566957,-0.9983597804850431,0.9186827395111322,0.853922161471823,0.9983597804850431,0.2022102604027264,0.3413994415546363,0.3859628727844753,0.7555555555555555,0.2444444444444444,0.4888888888888889,0.4011424080912386,0.6809515562322405,0.2718048509786813,0.3494933631184376,-0.2304709501128968,0.0,0.0821796077191508,0.3494933631184376,0.0,-0.2304709501128968,0.0821796077191508,0.08,0.0,18,0.0,0.0494311420235284,0.0,216.8479464892913,225,0.4062631936681125,burst,5000,0.0148,0.0063999999999999,0.1688983767830792,40.94499999999648,7.0,22.0,22.0,22.0,18.0,0.0,0.0
indo,_aIAZ4ZHk00,225,0.1702465932185037,0.3367906868457794,0.4587818448958189,0.644788421259986,0.6883597373962402,0.1019508413473765,0.5030918920505791,-0.7663070388138294,0.9666634622961282,0.7285537155138122,0.9796133240684868,0.0520928016516291,0.1870619985201199,0.2809368399716206,0.1422222222222222,0.8577777777777778,0.2844444444444445,0.2535186400321415,0.6665740793281132,0.1195774000858745,-1.2397672431657525,-0.8789919301574265,-4.39264524735668,-2.253080716380495,-1.2397672431657525,-4.39264524735668,-0.8789919301574265,-2.253080716380495,0.0133333333333333,0.0,3,0.0,-2.079248236139434,0.0,200.268813173146,225,0.6020698246541799,"dup_templates,burst",4999,0.262252450490098,0.0012002400480096,0.026652503027852,40.3432686537287,6.0,47.0,47.0,47.0,1.0,0.0,0.0
indo,aHY8t_SABC8,221,0.053297480511399,0.0917514935135841,0.4263907687171646,0.6552782781523278,0.7045148611068726,0.0555111358608056,-0.5068632566361642,-0.8329289071261883,-0.0916192363947629,0.5493404176233682,0.8336582724004984,0.1204808766741626,0.2075730089644122,0.26532020944626,0.9276018099547512,0.0723981900452488,0.1447963800904976,0.0725244870124915,0.6798965696296002,0.1640269428192874,-3.1882805560541687,-0.2780579467772212,-3.1100180241458517,-2.4333330175670205,-3.1882805560541687,-3.1100180241458517,-0.2780579467772212,-2.4333330175670205,0.0180995475113122,0.0,4,0.0,-2.473873923300087,0.0,207.85727470427724,221,0.3916474787948171,burst,5000,0.042,0.0051999999999999,0.263440755580996,40.74999999998981,1.0,49.0,49.0,49.0,23.0,0.0,0.0
indo,bZ7AvZ1wjS8,800,0.1931328185921302,0.4020373612642288,0.534729490801692,0.682240464091301,0.7578767478466034,0.0617825141176581,-0.6170386787524512,-0.997860610112548,0.362976010143757,0.7793005290260954,0.997860610112548,0.2045532447698823,0.3288516246464859,0.3652151776060949,0.84875,0.15125,0.3025,0.2975850899281795,0.7200586059689522,0.2667024347081841,-0.7653648227470194,1.5335202140545794,-0.1472343158161243,0.0257021138791935,-0.7653648227470194,-0.1472343158161243,1.5335202140545794,0.0257021138791935,0.05,0.0,40,0.0,-0.0199452338248104,0.0,760.8426172868831,800,0.4040578390892384,burst,5000,0.0252,0.0047999999999999,0.2180120766605408,41.91839999999725,5.0,23.0,23.0,23.0,19.0,0.0,0.0
indo,c9bHbB8z7Cg,164,0.1639838075171588,0.4184406876564032,0.5804426074028015,0.6406753150428214,0.6843095123767854,0.1184276873018683,0.4794929571369544,-0.8541526727378368,0.9896073172101753,0.7479014064575029,0.9919235423672944,0.0492884047633901,0.2116606167430564,0.2965909565969359,0.2073170731707317,0.7926829268292683,0.4146341463414633,0.291212247586781,0.6624924137098034,0.1304745107532232,-0.8339723878864632,-1.063102522346273,-4.078200374883873,-2.026734716950509,-0.8339723878864632,-4.078200374883873,-1.063102522346273,-2.026734716950509,0.0182926829268292,0.0,3,0.0,-1.9825545002713096,0.0,161.8794048970147,164,0.3703609870464803,burst,5000,0.049,0.0059999999999999,0.0673236191704277,53.32159999998129,2.0,46.0,46.0,46.0,29.0,0.0,0.0
indo,gKT-AiC9oco,51,0.128948623912555,0.3689731061458587,0.4789744218190511,0.637139849803027,0.68262779712677,0.1328697946726107,-0.2476649077776956,-0.9972973667318,0.8019548840820789,0.7586124567263622,0.9972973667318,0.1481343025048155,0.3034895063628824,0.3269445197518131,0.6274509803921569,0.3725490196078431,0.7450980392156863,0.2489608650292069,0.6598838234648985,0.225811904433849,-1.2888344926995206,-1.1807675002447724,-1.3271633786625685,-1.2752328546729002,-1.2888344926995206,-1.3271633786625685,-1.1807675002447724,-1.2752328546729002,0.0392156862745098,0.0,2,0.0,-1.1724074127919015,0.0,48.33745567089702,51,0.3706010040116623,burst,5000,0.0244,0.0045999999999999,0.1591370147094285,39.61979999998415,4.0,44.0,44.0,43.0,28.0,0.0,1.0
indo,gpHLhjkMR0E,74,0.2143624855356442,0.4859136015176773,0.6385795809328556,0.6496216662832208,0.6869360685348511,0.1322560386883245,-0.5404809586840644,-0.9974139413941884,0.3734276562929159,0.7317692554466162,0.9974139413941884,0.1910771679724937,0.3568551014896519,0.3878902524858277,0.8243243243243243,0.1756756756756756,0.3513513513513513,0.3501380435266608,0.668278867409036,0.2739661347310728,-0.1995999733867718,-0.8020945131502116,0.0623655769537708,-0.2585356657084418,-0.1995999733867718,0.0623655769537708,-0.8020945131502116,-0.2585356657084418,0.054054054054054,0.0,4,0.0,-0.257402513206644,0.0,72.56844178905592,74,0.3520451150175792,burst,5000,0.0124,0.0031999999999999,0.0896320883977901,12.448799999999432,6.0,29.0,30.0,29.0,30.0,-1.0,0.0
indo,h1o-kmNDwOE,456,0.2520455566087836,0.5965459942817688,0.7469134602857672,0.6850974728402338,0.7918527722358704,0.1052400178945901,0.5691312490665025,-0.6798323951661587,0.9903091964079068,0.7875591929898068,0.991975221899338,0.0490285806036649,0.164896570228284,0.3201667581305726,0.1535087719298245,0.8464912280701754,0.3070175438596492,0.4242957754452762,0.7384751225380521,0.1069625754159744,0.5987535948710092,2.364229068886434,-4.75665613571803,-0.8342709423312983,0.5987535948710092,-4.75665613571803,2.364229068886434,-0.8342709423312983,0.0087719298245614,0.0,4,0.0,-0.6470532924140985,0.0,433.9497197759323,456,0.4087979152426521,burst,5000,0.0496,0.0029999999999999,0.137859022556391,32.711999999998774,4.0,40.0,40.0,37.0,17.0,0.0,3.0
indo,hIZ3hO-u_iE,100,0.3417985312896781,0.6882027506828309,0.7757790863513947,0.6688038522005081,0.7304158449172974,0.1262438103556633,-0.4260949073189113,-0.9979643674218096,0.8001666519790891,0.742088892263564,0.9979643674218096,0.1963588300498332,0.377890974851034,0.4210723796408094,0.75,0.25,0.5,0.5150006409862544,0.6996098485589027,0.2871249024504336,1.5752472279618073,0.6111436187250313,0.4420723784834289,0.937610128335181,1.5752472279618073,0.4420723784834289,0.6111436187250313,0.937610128335181,0.03,0.0,3,0.0,0.9472882554215356,0.0,95.23075190764148,100,0.3365915574699615,burst,5000,0.0158,0.0061999999999999,0.184035710723192,95.1895999999858,2.0,6.0,7.0,6.0,38.0,-1.0,0.0
indo,hmtuvNfytjM,106,0.0686794472781431,0.2024974450469017,0.6195632408965718,0.6474170414906628,0.7006646692752838,0.1402901717514362,-0.186318044146558,-0.8487241212278605,0.8719390453770757,0.5811636831330241,0.9051473825238644,0.0990860721517079,0.213694382288378,0.2914486150516437,0.6415094339622641,0.3584905660377358,0.7169811320754718,0.1355884461625224,0.6740408553829733,0.1563902272200429,-2.509358270901976,-0.5421900728384388,-3.3303815806903083,-2.304924379812008,-2.509358270901976,-3.3303815806903083,-0.5421900728384388,-2.304924379812008,0.0188679245283018,0.0,2,0.0,-2.185643352964191,0.0,105.13809511160365,106,0.2871291587057011,burst,5000,0.0178,0.0017999999999999,0.1075402485875706,19.24039999999641,1.0,48.0,48.0,48.0,49.0,0.0,0.0
indo,ib5OEL6jmO0,113,0.2658421771056884,0.5902544021606445,0.76192307472229,0.6643725195817188,0.7245377540588379,0.2774657264219976,-0.6245174493789528,-0.997464820370078,0.0463403880596158,0.7065966164364079,0.997464820370078,0.2060123977948569,0.3683071699341388,0.4188265577411283,0.8938053097345132,0.1061946902654867,0.2123893805309735,0.4280482896331664,0.6944551368202784,0.2871597838644979,0.6391517167435593,0.3786314240700656,0.4430789096761399,0.5053961611015891,0.6391517167435593,0.4430789096761399,0.3786314240700656,0.5053961611015891,0.0707964601769911,0.0,8,0.0,0.4924875294684946,0.0,109.19292373175992,113,0.4294382257742257,"burst,crossvid_reuse",5000,0.0254,0.0013999999999999,0.0844734945054945,43.43359999999519,10.0,13.0,15.0,13.0,11.0,-2.0,0.0
indo,iuyrDfhmxVQ,317,0.2722856408716451,0.6047119855880743,0.7242964785546064,0.6645559649738227,0.7251495122909547,0.1081994760675761,-0.5274525688425344,-0.9979419685085305,0.5888552457094205,0.7387554912215719,0.9979419685085305,0.2020761832811957,0.3713805400133939,0.4138461579181056,0.8107255520504731,0.1892744479495268,0.3785488958990537,0.4384988132298597,0.6948527386323887,0.2867283616472948,0.7516580271137108,0.3965659419675184,0.4306298754126975,0.550525152731808,0.7516580271137108,0.4306298754126975,0.3965659419675184,0.550525152731808,0.0599369085173501,0.0,19,0.0,0.5425212335465536,0.0,301.16971178187805,317,0.3871949462677898,burst,5000,0.014,0.0059999999999999,0.2207148029818956,32.48699999999586,5.0,11.0,13.0,11.0,24.0,-2.0,0.0
indo,jOfwbj09z1Q,282,0.2112605401775296,0.4478368312120437,0.5648793208188024,0.6644220045695068,0.7280862212181092,0.0735922862663336,-0.4046493973828611,-0.9938186200102792,0.8723143387585879,0.7326929540518284,0.9939543845597656,0.1654678011011071,0.3114977871347275,0.3448907224000562,0.74822695035461,0.25177304964539,0.5035460992907801,0.3295486856947867,0.696254112893808,0.2384827941179172,-0.4212570665574806,0.4597773535027317,-0.9615346893291558,-0.3900956295125137,-0.4212570665574806,-0.9615346893291558,0.4597773535027317,-0.3900956295125137,0.0141843971631205,0.0,4,0.0,-0.4395455886170371,0.0,274.9148810503043,282,0.4356549217960567,burst,4993,0.0178249549369116,0.0118165431604245,0.1200424106952949,26.850390546754024,8.0,32.0,33.0,32.0,10.0,-1.0,0.0
indo,lwGxNbZGcbo,81,0.2728241687478141,0.7045753598213196,0.7502634061707391,0.6500274171063929,0.6865386962890625,0.4002767827039883,-0.013818556882648,-0.9923171186819671,0.9795051966793836,0.7096248724193163,0.99389967211755,0.1301554871254924,0.3719251112286336,0.4226887615488194,0.5061728395061729,0.4938271604938271,0.9876543209876544,0.4886997642845668,0.6682830566977277,0.251040299177063,1.292102123333421,-0.8019055480330243,-0.5991778043310859,0.1066522308092321,1.292102123333421,-0.5991778043310859,-0.8019055480330243,0.1066522308092321,0.0493827160493827,0.0,4,0.0,0.0644333920524649,0.0,78.43448774305938,81,0.3820617127799736,burst,5000,0.0114,0.0063999999999999,0.1600929468599033,16.218399999988044,6.0,20.0,20.0,21.0,26.0,0.0,-1.0
indo,mTBO1q1LqBo,754,0.1599871547431737,0.395980852842331,0.6287408314253154,0.676065553957967,0.7368636965751648,0.0987573317017416,-0.2884053626132169,-0.9958545257541118,0.9300824742764234,0.7296939978600061,0.9959454093244858,0.1469886649068293,0.306819082462498,0.3568455717945716,0.6684350132625995,0.3315649867374005,0.6631299734748011,0.2779840037927523,0.7064646252665658,0.2269038736846637,-0.976382563622914,0.9203401862510032,-1.29565372970163,-0.6139467842819853,-0.976382563622914,-1.29565372970163,0.9203401862510032,-0.6139467842819853,0.019893899204244,0.0,15,0.0,-0.6826904961017161,0.0,739.0910785269402,754,0.3476429122711827,burst,4975,0.0293467336683417,0.0058291457286432,0.1306538274063969,44.84623115576389,2.0,37.0,37.0,38.0,31.0,0.0,-1.0
indo,mrjgAN7-TNM,705,0.1758264919764408,0.4093506336212158,0.53292565278604,0.6726476706511585,0.7410207509994506,0.0732805499371062,-0.409767889846236,-0.9964598668040708,0.829394605755806,0.7225356088343765,0.996600998728536,0.1618226926349074,0.3070126450075778,0.3470779635959791,0.7617021276595745,0.2382978723404255,0.4765957446808511,0.2925885627988283,0.7068342108253045,0.2344176688212426,-0.8191555086190212,0.9370109825500884,-1.0788371417424298,-0.4710024574199368,-0.8191555086190212,-1.0788371417424298,0.9370109825500884,-0.4710024574199368,0.0283687943262411,0.0,20,0.0,-0.5356655824127795,0.0,689.6163150592953,705,0.3279423613730667,burst,5000,0.009,0.0039999999999999,0.1244553250345781,15.934799999999068,4.0,33.0,34.0,34.0,40.0,-1.0,-1.0
indo,nNEkcutFoZc,198,0.2919198693049074,0.5944381117820742,0.7477654278278351,0.6459632178749701,0.6986335873603821,0.2047046571969986,-0.866831394270059,-0.9988507964037124,-0.54088192358613,0.8791912736918253,0.9988507964037124,0.2758702917448125,0.3742065522893009,0.4270569960023883,0.9848484848484848,0.0151515151515151,0.0303030303030302,0.4431789905434908,0.6722984026176761,0.3250384220170567,0.8020430127618295,-0.6207864206237327,1.536097408516701,0.703254692929644,0.8020430127618295,1.536097408516701,-0.6207864206237327,0.9919925293073176,0.1868686868686868,1.978266114800209,37,0.3470092017588261,0.7355756486272342,0.0,196.46435412702823,198,0.2994068055285186,burst,5000,0.0084,0.0013999999999999,0.0623582869379015,10.251999999999043,4.0,8.0,5.0,8.0,47.0,3.0,0.0
indo,oc9Mtvuz06Q,129,0.3199591659471508,0.6335662007331848,0.7693686393591074,0.6528613183849542,0.6953317880630493,0.3628805584685747,-0.7115496717691882,-0.99843264920637,-0.0055746227502821,0.8172103502198128,0.99843264920637,0.2485613733857435,0.3899188037515363,0.4268913979434137,0.8992248062015504,0.1007751937984496,0.2015503875968991,0.4767626833401678,0.6740965532240017,0.3192400885686399,1.1635921093405217,-0.5396777253180087,1.368781844107018,0.8095910578441627,1.1635921093405217,1.368781844107018,-0.5396777253180087,0.8963625149776688,0.1007751937984496,0.2977347034261783,13,0.058827431964834,0.8612957040550516,0.0,125.79233242245078,129,0.2931302057772196,burst,5000,0.0132,0.0015999999999999,0.0562107545164718,12.030999999999365,3.0,7.0,8.0,7.0,48.0,-1.0,0.0
indo,og1LaKlabAA,236,0.2413375389871238,0.5082581639289856,0.6213414594531059,0.6523075851343446,0.7001423835754395,0.1211415891677646,-0.6907105052171465,-0.9982324332668212,-0.072565269190818,0.7729336070203271,0.9982324332668212,0.2208215393066914,0.356722507281585,0.386923666039001,0.9152542372881356,0.0847457627118644,0.1694915254237288,0.3747978514580547,0.676224984354892,0.2887720232941382,0.0658780171777953,-0.4436711553080807,0.4896013721273937,0.0867938982886857,0.0658780171777953,0.4896013721273937,-0.4436711553080807,0.0867938982886857,0.0847457627118644,0.0,20,0.0,0.0677392820721522,0.0,223.9036409039757,236,0.4100709519136408,burst,5000,0.0158,0.0031999999999999,0.167460157016683,22.16719999999785,8.0,21.0,21.0,20.0,15.0,0.0,1.0
indo,v0J_k8vkp6g,220,0.2225928049428727,0.4219371348619461,0.5395956987684424,0.6659116474064913,0.7303864598274231,0.066939411109144,0.2485734063922956,-0.9183024757541716,0.969648341019638,0.5592974269500701,0.9817246973514556,0.0604550834387707,0.2544913123809343,0.3111135637072467,0.2409090909090909,0.759090909090909,0.4818181818181819,0.3222649699024094,0.6981490536169572,0.1574731979098525,-0.4996707443032028,0.5452519345504151,-3.2991315924278863,-1.2182513714334375,-0.4996707443032028,-3.2991315924278863,0.5452519345504151,-1.2182513714334375,0.0045454545454545,0.0,1,0.0,-1.278206633717598,0.0,212.1564233137628,220,0.5516510871774031,"dup_templates,burst",5000,0.1948,0.0005999999999999,0.0155873196504776,12.993999999999769,3.0,43.0,43.0,44.0,3.0,0.0,-1.0
indo,wUJ8Xolr9Ts,99,0.2691264688084372,0.5444741249084473,0.7151417672634125,0.6481954684161176,0.7022218227386475,0.1207537997250605,-0.7488612150533814,-0.9976914517348632,-0.1092776745557784,0.8143782236590109,0.9976914517348632,0.2430135714177622,0.354007799220276,0.40309487156377,0.9292929292929292,0.0707070707070707,0.1414141414141414,0.4068002968584422,0.6752086455773826,0.2985106853190191,0.4104040135555334,-0.4895148749289025,0.7706182794480654,0.3114992844968106,0.4104040135555334,0.7706182794480654,-0.4895148749289025,0.3114992844968106,0.1515151515151515,0.0,15,0.3320301867802135,0.2907371575341892,0.0,95.8389858985498,99,0.3181409327124249,burst,5000,0.009,0.0021999999999999,0.1699167532788913,45.35999999999524,3.0,17.0,18.0,18.0,45.0,-1.0,-1.0
indo,xuJ4dSwuxKw,114,0.2866729289995866,0.6406500577926636,0.8014089564482371,0.7155635769952807,0.8505187273025513,0.4567413944424244,-0.3572193708176583,-0.9968934033997356,0.68326197527349,0.6603787543405033,0.9973552421026396,0.1636686844994983,0.3422772280903301,0.3906847717291852,0.6929824561403509,0.3070175438596491,0.6140350877192982,0.463661493396125,0.783041152148916,0.2529729562949142,1.022549746398136,4.374456968583786,-0.5434094323738032,1.3124408393743696,1.022549746398136,-0.5434094323738032,4.374456968583786,1.3124408393743696,0.0350877192982456,0.0,4,0.0,1.2133818329750845,0.0,112.09984080513736,114,0.4035778000578425,burst,5000,0.0326,0.0045999999999999,0.0549186002120891,57.71159999996735,7.0,2.0,2.0,2.0,20.0,0.0,0.0
indo,zEfhJb--gUc,95,0.1999958101126953,0.3929107367992401,0.4928101867437363,0.655870416917299,0.7162516117095948,0.1345584740764216,-0.6308671611482216,-0.9982578527415172,0.6651600867509844,0.852981164257232,0.9982578527415172,0.2233979693942496,0.335138877244752,0.3690835114127787,0.8421052631578947,0.1578947368421052,0.3157894736842106,0.2964532734559677,0.6860610143134469,0.2792684233195008,-0.777549522788748,0.0,0.2153673688872943,-0.2356412300049462,-0.777549522788748,0.2153673688872943,0.0,-0.2356412300049462,0.0526315789473684,0.0,5,0.0,-0.2268362749965793,0.0,92.6090677031234,95,0.3248219159421451,burst,5000,0.007,0.0029999999999999,0.0873470251211987,11.475599999999664,5.0,28.0,29.0,28.0,42.0,-1.0,0.0
